
{
    "ProgramRegistration" :{
        "Main Details":[
            {
                "ProgramName": "Water",
                "ProgramCode": "4444",
                "Stakeholderdepartment":"water"
            }

        ],
        "Program Duration":[
            {
                "Start Date":"10-07-2024",
                "Duration Years":"2 Years",
                "End Date" :"25-09-2026"
            }
        ],
        "Project List Table":[
            {
                "Project Name":"water",
                "Project Code":"52582",
                "Funder List":"Rajesh",
                "Estimated Project Cost(UGX)":"1585820"

            }
        ]
    }

}
